文章标题,url标题,作者,作者主页链接,简介,篇幅,tags,角色身份,状态,结局,副CP,是否为无差？,全文预警,可看到全文的链接,是否可供下载
一个很长的文章标题,template-title,作者,https://baidu.com,这是这篇文章的简介。简介可以帮助读者快速了解该文章的题材、内容，帮助读者进行筛选，极大地节约了时间成本。,长篇,清水&if线,原著喻x原著黄,完结,HE,副CP1&副CP2,F,预警！这是一个预警。如果不写的话就不会显示。,https://baidu.com$$https://nightalk.cc$$https://lofter.com,F
暗涌,an-yong,米洛,http://bbs.yuhuangonly.com/?3346,,长篇,黑道,？喻x？黄,完结,BE,,,,http://bbs.yuhuangonly.com/forum.php?mod=viewthread&tid=2092&highlight=,
Deja vu,deja-vu,米洛,,,短篇,现代架空&黑道,警察喻x社会人士&线人黄,完结,HE
Ewig,ewig,米洛,,,长篇,现代架空,油画家喻x摄影师黄,完结,HE
不吐不快,bu-tu-bu-kuai,米洛,,,短篇,原著向&退役,？喻x摄影师黄,完结,OE,,,,,
不法之徒,bu-fa-zhi-tu,米洛,,,中篇,现代架空&杀手,杀手喻x警察黄,完结,HE,,,,http://bbs.yuhuangonly.com/forum.php?mod=viewthread&tid=2227,
不理性动物,bu-li-xing-dong-wu,米洛,,,短篇,原著向&肉,原著喻x原著黄,完结,HE,,,,,
二十四小时热恋,er-shi-si-xiao-shi-re-lian,米洛,,,短篇,原著向,原著喻x原著黄,完结,BE
初缠恋后,chu-chan-lian-hou,米洛,,,中篇,民国,杀手&账房先生喻x少爷黄,完结,HE
到风里去,dao-feng-li-qu,米洛,,,短篇,现代架空,医生喻x警察黄,完结
刺青,ci-qing,米洛,,,短篇,现代架空,黑帮大佬喻x狱警黄,完结,HE
包办婚姻,bao-ban-hun-yin,米洛,,,短篇,现代架空&先婚后爱,？喻x工程师黄,完结,HE,双鬼&韩楚,,,http://bbs.yuhuangonly.com/forum.php?mod=viewthread&tid=2172&highlight=,
布宜诺斯艾利斯之春,bu-yi-nuo-si-ai-li-si-zhi-chun,米洛,,,短篇,原著向&肉,原著喻x原著黄,完结,HE,,,,,
慈航,ci-hang,米洛,,,短篇,现代架空,调查记者喻x警察黄,完结,OE
断点,duan-dian,米洛,,,短篇,未来&末日丧尸&穿越,生物博士喻x少校黄,完结,BE
春分,chun-fen,米洛,,,短篇,现代架空,杀手喻x宠物店主黄,完结,HE
春思记,chun-si-ji,米洛,,,短篇,古风,捕快喻x江洋大盗黄,完结,HE
春秋,chun-qiu,米洛,,,短篇,校园&双向暗恋,大学生喻x大学生黄,完结
春风与天涯,chun-feng-yu-tian-ya,米洛,,,短篇,古风,锦衣卫喻x锦衣卫黄,完结,HE
测不准定理,ce-bu-zhun-ding-li,米洛,,,短篇,原著向&论坛体,原著喻x原著黄,完结,HE,,,,,
茶想曲,cha-xiang-qu,米洛,,,短篇,原著向&退役,,完结,HE,,,,,
迭香,die-xiang,米洛,,,短篇,民国,戏班班主喻x少爷黄,完结,HE
长风,chang-feng-by-mi-luo,米洛,,,长篇,古风&武侠&失忆,医师喻x剑客黄,完结,HE
